USE HOSPITAL;

-- Insert 50 Records into Patients Table

INSERT INTO Patients (
    FirstName, LastName, DateOfBirth, Gender, ContactNumber, Email, Address,
    BloodType, MaritalStatus, Occupation, MedicalConditions, PrimaryPhysician, CurrentStatus
) VALUES
    ('Aaradhya', 'Deshmukh', '1980-05-15', 'Female', '123-456-7890', 'aaradhya.deshmukh@example.com', '123 Main St, Cityville', 'A+', 'Married', 'Engineer', 'Hypertension', 'Dr. Tushar', 'Admitted'),
    ('Akshay', 'Patil', '1992-09-28', 'Male', '987-654-3210', 'akshay.patil@example.com', '456 Oak St, Townsville', 'B-', 'Single', 'Teacher', 'None', 'Dr. Tushar', 'Outpatient'),
    ('Amruta', 'Chavan', '1975-12-10', 'Female', '555-123-4567', 'amruta.chavan@example.com', '789 Pine St, Villagetown', 'O+', 'Divorced', 'Accountant', 'Diabetes', 'Dr. Sanket', 'Discharged'),
    ('Aniket', 'Jadhav', '1988-03-22', 'Male', '333-999-0000', 'aniket.jadhav@example.com', '101 Cedar St, Hamletville', 'AB+', 'Single', 'Artist', 'Asthma', 'Dr. Pooja', 'Outpatient'),
    ('Anjali', 'Pawar', '1995-07-05', 'Female', '444-777-8888', 'anjali.pawar@example.com', '202 Birch St, Countryside', 'A-', 'Widowed', 'Retired', 'Arthritis', 'Dr. Aarti', 'Admitted'),
    ('Vidhi', 'More', '1986-08-14', 'Female', '444-555-6666', 'vidhi.more@example.com', '909 Cedar St, Villageville', 'O+', 'Married', 'Project Manager', 'None', 'Dr. Tushar', 'Outpatient'),
    ('Yash', 'Gaikwad', '1998-01-03', 'Male', '111-222-3333', 'yash.gaikwad@example.com', '1010 Elm St, Hillsborough', 'A-', 'Single', 'Research Scientist', 'Asthma', 'Dr. Aarti', 'Outpatient'),
	('Snehal', 'Mane', '1984-06-18', 'Female', '777-888-9999', 'snehal.mane@example.com', '505 Maple St, Riverside', 'O-', 'Married', 'Financial Analyst', 'None', 'Dr. Sanket', 'Admitted'),
    ('Amit', 'Wagh', '1979-09-12', 'Male', '222-333-4444', 'amit.wagh@example.com', '606 Pine St, Metropolis', 'A+', 'Divorced', 'Architect', 'High Cholesterol', 'Dr. Tushar', 'Outpatient'),
    ('Kalyani', 'Shinde', '1993-04-25', 'Female', '888-999-1111', 'kalyani.shinde@example.com', '707 Birch St, Cityside', 'B+', 'Single', 'Graphic Designer', 'Migraines', 'Dr. Saurabh', 'Outpatient'),
    ('Sagar', 'Kamble', '1986-08-14', 'Male', '444-555-6666', 'sagar.kamble@example.com', '909 Cedar St, Villageville', 'O+', 'Married', 'Project Manager', 'None', 'Dr. Tushar', 'Outpatient'),
    ('Tejal', 'Jadhav', '1998-01-03', 'Female', '111-222-3333', 'tejal.jadhav@example.com', '1010 Elm St, Hillsborough', 'A-', 'Single', 'Research Scientist', 'Asthma', 'Dr. Pooja', 'Outpatient'),
    ('Nilesh', 'Bhosale', '1980-05-15', 'Male', '123-456-7890', 'nilesh.bhosale@example.com', '123 Main St, Cityville', 'A+', 'Married', 'Engineer', 'Hypertension', 'Dr. Pooja', 'Admitted'),
    ('Jyoti', 'Pawar', '1992-09-28', 'Female', '987-654-3210', 'jyoti.pawar@example.com', '456 Oak St, Townsville', 'B-', 'Single', 'Teacher', 'None', 'Dr. Tushar', 'Outpatient'),
    ('Rahul', 'Chavan', '1975-12-10', 'Male', '555-123-4567', 'rahul.chavan@example.com', '789 Pine St, Villagetown', 'O+', 'Divorced', 'Accountant', 'Diabetes', 'Dr. Sanket', 'Discharged'),
    ('Varsha', 'Kadam', '1988-03-22', 'Female', '333-999-0000', 'varsha.kadam@example.com', '101 Cedar St, Hamletville', 'AB+', 'Single', 'Artist', 'Asthma', 'Dr. Tushar', 'Outpatient'),
    ('Vikram', 'More', '1995-07-05', 'Male', '444-777-8888', 'vikram.more@example.com', '202 Birch St, Countryside', 'A-', 'Widowed', 'Retired', 'Arthritis', 'Dr. Pooja', 'Admitted'),
    ('Smita', 'Wagh', '1986-08-14', 'Female', '444-555-6666', 'smita.wagh@example.com', '909 Cedar St, Villageville', 'O+', 'Married', 'Project Manager', 'None', 'Dr. Aarti', 'Outpatient'),
    ('Pranav', 'Salunkhe', '1998-01-03', 'Male', '111-222-3333', 'pranav.salunkhe@example.com', '1010 Elm St, Hillsborough', 'A-', 'Single', 'Research Scientist', 'Asthma', 'Dr. Usha', 'Outpatient'),
	('Ashwini', 'Garcia', '1982-11-18', 'Female', '666-555-4444', 'ashwini.garcia@example.com', '303 Elm St, Suburbia', 'B+', 'Married', 'Software Developer', 'Allergies', 'Dr. Usha', 'Outpatient'),
    ('Rahul', 'Clark', '1990-02-08', 'Male', '999-111-2222', 'rahul.clark@example.com', '404 Oak St, Hometown', 'AB-', 'Single', 'Marketing Manager', 'None', 'Dr. Tushar', 'Outpatient'),
    ('Neha', 'Lopez', '1987-06-30', 'Female', '777-888-9999', 'neha.lopez@example.com', '505 Maple St, Riverside', 'O-', 'Married', 'Financial Analyst', 'None', 'Dr. Rani', 'Admitted'),
    ('Kiran', 'Nguyen', '1979-09-12', 'Male', '222-333-4444', 'kiran.nguyen@example.com', '606 Pine St, Metropolis', 'A+', 'Divorced', 'Architect', 'High Cholesterol', 'Dr. Rani', 'Outpatient'),
    ('Rupali', 'Garcia', '1993-04-25', 'Female', '888-999-1111', 'rupali.garcia@example.com', '707 Birch St, Cityside', 'B+', 'Single', 'Graphic Designer', 'Migraines', 'Dr. Tushar', 'Outpatient'),
    ('Rohit', 'Rivera', '1986-08-14', 'Male', '444-555-6666', 'rohit.rivera@example.com', '909 Cedar St, Villageville', 'O+', 'Married', 'Project Manager', 'None', 'Dr. Sanket', 'Outpatient'),
    ('Manasi', 'Nguyen', '1998-01-03', 'Female', '111-222-3333', 'manasi.nguyen@example.com', '1010 Elm St, Hillsborough', 'A-', 'Single', 'Research Scientist', 'Asthma', 'Dr. Pooja', 'Outpatient'),
    ('Suresh', 'Deshmukh', '1980-05-15', 'Male', '123-456-7890', 'suresh.deshmukh@example.com', '123 Main St, Cityville', 'A+', 'Married', 'Engineer', 'Hypertension', 'Dr. Aarti', 'Admitted'),
    ('Sarika', 'Patil', '1992-09-28', 'Female', '987-654-3210', 'sarika.patil@example.com', '456 Oak St, Townsville', 'B-', 'Single', 'Teacher', 'None', 'Dr. Tushar', 'Outpatient'),
    ('Rajesh', 'Chavan', '1975-12-10', 'Male', '555-123-4567', 'rajesh.chavan@example.com', '789 Pine St, Villagetown', 'O+', 'Divorced', 'Accountant', 'Diabetes', 'Dr. Sanket', 'Discharged'),
    ('Mukta', 'Wagh', '1986-08-14', 'Female', '444-555-6666', 'mukta.wagh@example.com', '909 Cedar St, Villageville', 'O+', 'Married', 'Project Manager', 'None', 'Dr. Tushar', 'Outpatient'),
    ('Rajat', 'Salunkhe', '1998-01-03', 'Male', '111-222-3333', 'rajat.salunkhe@example.com', '1010 Elm St, Hillsborough', 'A-', 'Single', 'Research Scientist', 'Asthma', 'Dr. Sanket', 'Outpatient'),
	('Pratik', 'Bhosale', '1984-06-18', 'Male', '777-888-9999', 'pratik.bhosale@example.com', '505 Maple St, Riverside', 'O-', 'Married', 'Financial Analyst', 'None', 'Dr. Vaishali', 'Admitted'),
    ('Aishwarya', 'Kadam', '1979-09-12', 'Female', '222-333-4444', 'aishwarya.kadam@example.com', '606 Pine St, Metropolis', 'A+', 'Divorced', 'Architect', 'High Cholesterol', 'Dr. Pooja', 'Outpatient'),
    ('Rohan', 'Shinde', '1993-04-25', 'Male', '888-999-1111', 'rohan.shinde@example.com', '707 Birch St, Cityside', 'B+', 'Single', 'Graphic Designer', 'Migraines', 'Dr. Aarti', 'Outpatient'),
    ('Pooja', 'Kamble', '1986-08-14', 'Female', '444-555-6666', 'pooja.kamble@example.com', '909 Cedar St, Villageville', 'O+', 'Married', 'Project Manager', 'None', 'Dr. Tushar', 'Outpatient'),
    ('Santosh', 'Jadhav', '1998-01-03', 'Male', '111-222-3333', 'santosh.jadhav@example.com', '1010 Elm St, Hillsborough', 'A-', 'Single', 'Research Scientist', 'Asthma', 'Dr. Aarti', 'Outpatient'),
    ('Swati', 'More', '1980-05-15', 'Female', '123-456-7890', 'swati.more@example.com', '123 Main St, Cityville', 'A+', 'Married', 'Engineer', 'Hypertension', 'Dr. Pooja', 'Admitted'),
    ('Amit', 'Pawar', '1992-09-28', 'Male', '987-654-3210', 'amit.pawar@example.com', '456 Oak St, Townsville', 'B-', 'Single', 'Teacher', 'None', 'Dr. Pooja', 'Outpatient'),
    ('Shweta', 'Chavan', '1975-12-10', 'Female', '555-123-4567', 'shweta.chavan@example.com', '789 Pine St, Villagetown', 'O+', 'Divorced', 'Accountant', 'Diabetes', 'Dr. Aarti', 'Discharged'),
    ('Ravi', 'Kadam', '1988-03-22', 'Male', '333-999-0000', 'ravi.kadam@example.com', '101 Cedar St, Hamletville', 'AB+', 'Single', 'Artist', 'Asthma', 'Dr. Sanket', 'Outpatient'),
    ('Sarika', 'More', '1995-07-05', 'Female', '444-777-8888', 'sarika.more@example.com', '202 Birch St, Countryside', 'A-', 'Widowed', 'Retired', 'Arthritis', 'Dr. Tushar', 'Admitted'),
    ('Rohini', 'Wagh', '1986-08-14', 'Female', '444-555-6666', 'rohini.wagh@example.com', '909 Cedar St, Villageville', 'O+', 'Married', 'Project Manager', 'None', 'Dr. Saurabh', 'Outpatient'),
    ('Avinash', 'Salunkhe', '1998-01-03', 'Male', '111-222-3333', 'avinash.salunkhe@example.com', '1010 Elm St, Hillsborough', 'A-', 'Single', 'Research Scientist', 'Asthma', 'Dr. Rani', 'Outpatient'),
	('Megha', 'Wagh', '1984-06-18', 'Female', '777-888-9999', 'megha.wagh@example.com', '505 Maple St, Riverside', 'O-', 'Married', 'Financial Analyst', 'None', 'Dr. Usha', 'Admitted'),
    ('Rahul', 'Kamble', '1979-09-12', 'Male', '222-333-4444', 'rahul.kamble@example.com', '606 Pine St, Metropolis', 'A+', 'Divorced', 'Architect', 'High Cholesterol', 'Dr. Usha', 'Outpatient'),
    ('Vaishali', 'Shinde', '1993-04-25', 'Female', '888-999-1111', 'vaishali.shinde@example.com', '707 Birch St, Cityside', 'B+', 'Single', 'Graphic Designer', 'Migraines', 'Dr. Rani', 'Outpatient'),
    ('Girish', 'Kadam', '1986-08-14', 'Male', '444-555-6666', 'girish.kadam@example.com', '909 Cedar St, Villageville', 'O+', 'Married', 'Project Manager', 'None', 'Dr. Vaishali', 'Outpatient'),
    ('Ankita', 'Jadhav', '1998-01-03', 'Female', '111-222-3333', 'ankita.jadhav@example.com', '1010 Elm St, Hillsborough', 'A-', 'Single', 'Research Scientist', 'Asthma', 'Dr. Tushar', 'Outpatient'),
    ('Rakesh', 'Bhosale', '1980-05-15', 'Male', '123-456-7890', 'rakesh.bhosale@example.com', '123 Main St, Cityville', 'A+', 'Married', 'Engineer', 'Hypertension', 'Dr. Sanket', 'Admitted'),
    ('Sonali', 'Pawar', '1992-09-28', 'Female', '987-654-3210', 'sonali.pawar@example.com', '456 Oak St, Townsville', 'B-', 'Single', 'Teacher', 'None', 'Dr. Sanket', 'Outpatient'),
    ('Swapnil', 'Chavan', '1975-12-10', 'Male', '555-123-4567', 'swapnil.chavan@example.com', '789 Pine St, Villagetown', 'O+', 'Divorced', 'Accountant', 'Diabetes', 'Dr. Tushar', 'Discharged'),
    ('Preeti', 'Kadam', '1988-03-22', 'Female', '333-999-0000', 'preeti.kadam@example.com', '101 Cedar St, Hamletville', 'AB+', 'Single', 'Artist', 'Asthma', 'Dr. Pooja', 'Outpatient'),
    ('Rohit', 'More', '1995-07-05', 'Male', '444-777-8888', 'rohit.more@example.com', '202 Birch St, Countryside', 'A-', 'Widowed', 'Retired', 'Arthritis', 'Dr. Aarti', 'Admitted'),
    ('Anita', 'Wagh', '1986-08-14', 'Female', '444-555-6666', 'anita.wagh@example.com', '909 Cedar St, Villageville', 'O+', 'Married', 'Project Manager', 'None', 'Dr. Vaishali', 'Outpatient'),
    ('Nitin', 'Salunkhe', '1998-01-03', 'Male', '111-222-3333', 'nitin.salunkhe@example.com', '1010 Elm St, Hillsborough', 'A-', 'Single', 'Research Scientist', 'Asthma', 'Dr. Usha', 'Outpatient'),
	('Ashish', 'Garcia', '1982-11-18', 'Male', '666-555-4444', 'ashish.garcia@example.com', '303 Elm St, Suburbia', 'B+', 'Married', 'Software Developer', 'Allergies', 'Dr. Usha', 'Outpatient'),
    ('Jyotsna', 'Clark', '1990-02-08', 'Female', '999-111-2222', 'jyotsna.clark@example.com', '404 Oak St, Hometown', 'AB-', 'Single', 'Marketing Manager', 'None', 'Dr. Rani', 'Outpatient'),
    ('Ganesh', 'Lopez', '1987-06-30', 'Male', '777-888-9999', 'ganesh.lopez@example.com', '505 Maple St, Riverside', 'O-', 'Married', 'Financial Analyst', 'None', 'Dr. Rani', 'Admitted'),
    ('Savita', 'Nguyen', '1979-09-12', 'Female', '222-333-4444', 'savita.nguyen@example.com', '606 Pine St, Metropolis', 'A+', 'Divorced', 'Architect', 'High Cholesterol', 'Dr. Sanket', 'Outpatient'),
    ('Rahul', 'Garcia', '1993-04-25', 'Male', '888-999-1111', 'rahul.garcia@example.com', '707 Birch St, Cityside', 'B+', 'Single', 'Graphic Designer', 'Migraines', 'Dr. Tushar', 'Outpatient'),
    ('Ankita', 'Rivera', '1986-08-14', 'Female', '444-555-6666', 'ankita.rivera@example.com', '909 Cedar St, Villageville', 'O+', 'Married', 'Project Manager', 'None', 'Dr. Tushar', 'Outpatient'),
    ('Vikram', 'Nguyen', '1998-01-03', 'Male', '111-222-3333', 'vikram.nguyen@example.com', '1010 Elm St, Hillsborough', 'A-', 'Single', 'Research Scientist', 'Asthma', 'Dr. Sanket', 'Outpatient'),
    ('Poonam', 'Deshmukh', '1980-05-15', 'Female', '123-456-7890', 'poonam.deshmukh@example.com', '123 Main St, Cityville', 'A+', 'Married', 'Engineer', 'Hypertension', 'Dr. Saurabh', 'Admitted'),
    ('Sushant', 'Patil', '1992-09-28', 'Male', '987-654-3210', 'sushant.patil@example.com', '456 Oak St, Townsville', 'B-', 'Single', 'Teacher', 'None', 'Dr. Kaviraj', 'Outpatient'),
    ('Priya', 'Chavan', '1975-12-10', 'Female', '555-123-4567', 'priya.chavan@example.com', '789 Pine St, Villagetown', 'O+', 'Divorced', 'Accountant', 'Diabetes', 'Dr. Kaviraj', 'Discharged');
    
    -- Insert 10 Records into Doctors Table
INSERT INTO Doctors (
    FirstName, LastName, Specialization, ContactNumber, Email, Qualifications, Department
) VALUES
    ('Dr. Tushar', 'Potdar', 'Cardiology', '111-222-3333', 'dr.tushar@gmail.com', 'MBBS, MD', 'Cardiology Department'),
    ('Dr. Pooja', 'Potdar', 'Dermatology', '222-333-4444', 'dr.pooja@gmail.com', 'MBBS, DVD', 'Dermatology Department'),
    ('Dr. Aarti', 'Potdar', 'Orthopedics', '333-444-5555', 'dr.aarti@gmail.com' , 'MBBS, MS', 'Orthopedics Department'),
    ('Dr. Sanket', 'Potdar', 'Pediatrics', '444-555-6666', 'dr.sanket@gmail.com', 'MBBS, DCH', 'Pediatrics Department'),
    ('Dr. Vaishali', 'Sonar', 'Neurology', '555-666-7777', 'dr.vaishali@gmail.com', 'MBBS, DM', 'Neurology Department'),
    ('Dr. Usha', 'Potdar', 'Oncology', '666-777-8888', 'dr.usha@yahoomail.com', 'MBBS, MD', 'Oncology Department'),
    ('Dr. Saurabh', 'Potdar', 'General Surgery', '777-888-9999', 'dr.saurabh@gmail.com', 'MBBS, MS', 'General Surgery Department'),
    ('Dr. Kaviraj', 'Potdar', 'Endocrinology', '888-999-0000', 'dr.kaviraj@gmail.com', 'MBBS, DM', 'Endocrinology Department'),
    ('Dr. Rani', 'Potdar', 'Urology', '999-000-1111', 'dr.rani@gmail.com', 'MBBS, MCh', 'Urology Department');
    
    -- Insert Records into Appointments Table
INSERT INTO Appointments (PatientID, DoctorID, AppointmentDateTime, Status, Reason, Diagnosis, Prescription, FollowUpAppointment, DurationMinutes)
VALUES
    (1, 1, '2024-01-10 09:00:00', 'Scheduled', 'Regular Checkup', NULL, NULL, NULL, 30),
    (2, 2, '2024-01-12 10:30:00', 'Scheduled', 'Consultation', NULL, NULL, NULL, 45),
    (3, 3, '2024-01-15 14:00:00', 'Scheduled', 'Follow-up', 'Stable condition', 'Medication A, B', '2024-01-25 14:00:00', 60),
    (4, 4, '2024-01-18 11:15:00', 'Scheduled', 'Initial Consultation', NULL, NULL, NULL, 60),
    (5, 5, '2024-01-20 16:45:00', 'Scheduled', 'Annual Checkup', NULL, NULL, NULL, 30),
    (6, 6, '2024-01-22 13:30:00', 'Scheduled', 'Follow-up', 'Improving', 'Medication C', '2024-02-01 13:30:00', 45),
    (7, 7, '2024-01-25 09:45:00', 'Scheduled', 'Regular Checkup', NULL, NULL, NULL, 30),
    (8, 8, '2024-01-28 14:30:00', 'Scheduled', 'Consultation', NULL, NULL, NULL, 45),
    (9, 9, '2024-01-30 10:00:00', 'Scheduled', 'Follow-up', 'Stable condition', 'Medication D', '2024-02-10 10:00:00', 60),
    (10, 10, '2024-02-02 15:15:00', 'Scheduled', 'Initial Consultation', NULL, NULL, NULL, 60),
    (11, 1, '2024-02-05 09:30:00', 'Scheduled', 'Annual Checkup', NULL, NULL, NULL, 30),
    (12, 2, '2024-02-08 14:00:00', 'Scheduled', 'Follow-up', 'Improving', 'Medication E', '2024-02-18 14:00:00', 45),
    (13, 3, '2024-02-10 10:45:00', 'Scheduled', 'Regular Checkup', NULL, NULL, NULL, 30),
    (14, 4, '2024-02-12 16:30:00', 'Scheduled', 'Consultation', NULL, NULL, NULL, 45),
    (15, 5, '2024-02-15 11:00:00', 'Scheduled', 'Follow-up', 'Stable condition', 'Medication F', '2024-02-25 11:00:00', 60),
    (16, 6, '2024-02-18 09:15:00', 'Scheduled', 'Initial Consultation', NULL, NULL, NULL, 60),
    (17, 7, '2024-02-20 14:45:00', 'Scheduled', 'Annual Checkup', NULL, NULL, NULL, 30),
    (18, 8, '2024-02-22 13:30:00', 'Scheduled', 'Follow-up', 'Improving', 'Medication G', '2024-03-03 13:30:00', 45),
    (19, 9, '2024-02-25 09:45:00', 'Scheduled', 'Regular Checkup', NULL, NULL, NULL, 30),
    (20, 10, '2024-02-28 14:30:00', 'Scheduled', 'Consultation', NULL, NULL, NULL, 45),
    (21, 1, '2024-03-01 10:00:00', 'Scheduled', 'Follow-up', 'Stable condition', 'Medication H', '2024-03-11 10:00:00', 60),
    (22, 2, '2024-03-04 15:15:00', 'Scheduled', 'Initial Consultation', NULL, NULL, NULL, 60),
    (23, 3, '2024-03-07 09:30:00', 'Scheduled', 'Annual Checkup', NULL, NULL, NULL, 30),
    (24, 4, '2024-03-10 14:00:00', 'Scheduled', 'Follow-up', 'Improving', 'Medication I', '2024-03-20 14:00:00', 45),
    (25, 5, '2024-03-12 10:45:00', 'Scheduled', 'Regular Checkup', NULL, NULL, NULL, 30),
    (26, 6, '2024-03-15 16:30:00', 'Scheduled', 'Consultation', NULL, NULL, NULL, 45),
    (27, 7, '2024-03-18 11:00:00', 'Scheduled', 'Follow-up', 'Stable condition', 'Medication J', '2024-03-28 11:00:00', 60),
    (28, 8, '2024-03-20 09:15:00', 'Scheduled', 'Initial Consultation', NULL, NULL, NULL, 60),
    (29, 9, '2024-03-23 14:45:00', 'Scheduled', 'Annual Checkup', NULL, NULL, NULL, 30),
    (30, 10, '2024-03-26 13:30:00', 'Scheduled', 'Follow-up', 'Improving', 'Medication K', '2024-04-05 13:30:00', 45),
    (31, 1, '2024-03-28 09:45:00', 'Scheduled', 'Regular Checkup', NULL, NULL, NULL, 30),
    (32, 2, '2024-03-31 14:30:00', 'Scheduled', 'Consultation', NULL, NULL, NULL, 45),
    (33, 3, '2024-04-02 10:00:00', 'Scheduled', 'Follow-up', 'Stable condition', 'Medication L', '2024-04-12 10:00:00', 60),
    (34, 4, '2024-04-05 15:15:00', 'Scheduled', 'Initial Consultation', NULL, NULL, NULL, 60),
    (35, 5, '2024-04-08 09:30:00', 'Scheduled', 'Annual Checkup', NULL, NULL, NULL, 30),
    (36, 6, '2024-04-11 14:00:00', 'Scheduled', 'Follow-up', 'Improving', 'Medication M', '2024-04-21 14:00:00', 45),
    (37, 7, '2024-04-13 10:45:00', 'Scheduled', 'Regular Checkup', NULL, NULL, NULL, 30),
    (38, 8, '2024-04-16 16:30:00', 'Scheduled', 'Consultation', NULL, NULL, NULL, 45),
    (39, 9, '2024-04-19 11:00:00', 'Scheduled', 'Follow-up', 'Stable condition', 'Medication N', '2024-04-29 11:00:00', 60),
    (40, 10, '2024-04-21 09:15:00', 'Scheduled', 'Initial Consultation', NULL, NULL, NULL, 60),
    (41, 1, '2024-04-24 14:45:00', 'Scheduled', 'Annual Checkup', NULL, NULL, NULL, 30),
    (42, 2, '2024-04-27 13:30:00', 'Scheduled', 'Follow-up', 'Improving', 'Medication O', '2024-05-07 13:30:00', 45),
    (43, 3, '2024-04-30 09:45:00', 'Scheduled', 'Regular Checkup', NULL, NULL, NULL, 30),
    (44, 4, '2024-05-03 14:30:00', 'Scheduled', 'Consultation', NULL, NULL, NULL, 45),
    (45, 5, '2024-05-06 10:00:00', 'Scheduled', 'Follow-up', 'Stable condition', 'Medication P', '2024-05-16 10:00:00', 60),
    (46, 6, '2024-05-09 15:15:00', 'Scheduled', 'Initial Consultation', NULL, NULL, NULL, 60),
    (47, 7, '2024-05-12 09:30:00', 'Scheduled', 'Annual Checkup', NULL, NULL, NULL, 30),
    (48, 8, '2024-05-15 14:00:00', 'Scheduled', 'Follow-up', 'Improving', 'Medication Q', '2024-05-25 14:00:00', 45),
    (49, 9, '2024-05-18 11:15:00', 'Scheduled', 'Regular Checkup', NULL, NULL, NULL, 30),
    (50, 10, '2024-05-21 16:45:00', 'Scheduled', 'Consultation', NULL, NULL, NULL, 45);
    
    
    INSERT INTO Employees (
    FirstName, LastName, Gender, DateOfBirth, ContactNumber, Email, Address, Position, JoiningDate, Salary
) VALUES
    ('Dr. Tushar', 'Potdar', 'Male'  , '1999-12-19', '999-222-3333', 'dr.tushar@gmail.com', 'Kolhapur', 'Doctor', '2022-11-05'  , 120000.00),
    ('Dr. Pooja' , 'Potdar', 'Female', '1994-11-19', '222-333-4444', 'dr.pooja@gmail.com' , 'Pune'    , 'Doctor', '2022-12-01'  , 115000.00),
	('Dr. Aarti' , 'Potdar', 'Female', '1994-11-19', '333-444-5555', 'dr.aarti@gmail.com' , 'Pune'    , 'Doctor', '2022-05-10'  ,  90000.00),
    ('Dr. Sanket', 'Potdar',   'Male', '2001-09-14', '444-555-6666', 'dr.sanket@gmail.com', 'Kolhapur', 'Doctor', '2022-11-10'  ,  80000.00),
    ('Dr. Saurabh','Potdar',   'Male', '2001-02-28', '555-666-7777', 'dr.saurabh@gmail.com',  'Mumbai', 'Doctor', '2022-03-10'  ,78000.00),
    ('Dr. Usha'  , 'Potdar', 'Female', '1988-01-05', '666-777-8888', 'dr.ushar@yahoomail.com','Satara', 'Doctor', '2022-06-06'  ,85000.00),
    ('Dr. Vaishali', 'Sonar',  'Male', '1985-01-01', '777-888-9999', 'dr.vaishali@gmail.com', 'Mumbai', 'Doctor', '2022-04-04'  ,80000.00),
    ('Dr. Prashant', 'Potdar','Male' , '1992-01-19', '888-999-0000', 'dr.kaviraj@gmail.com',   'Thane', 'Doctor', '2022-08-16'  ,82000.00),
    ('Dr. Rani'  , 'Potdar','Female' , '1991-04-04', '999-000-1111', 'dr.rani@gmail.com'  ,     'Pune', 'Doctor', '2022-09-20'  , 79000.00),
    ('Adinath'   , 'Patil' , 'Male'  , '1998-03-15', '555-1234-222', 'adinath.patil@gmail.com', 'Kolhapur','Administrator', '2022-01-10',75000.00),
	('Sushant'   , 'Patil' , 'Male'  , '1998-03-15', '555-1234-222', 'sushant.patil@gmail.com', 'Thane','Laboratory Technician', '2022-01-10',70000.00),
    ('Pranali'   , 'Potdar', 'Female', '2004-06-28', '555-4321-666', 'pranali.potdar@gmail.com', 'Kolhapur', 'Laboratory Technician', '2022-06-10', 70000.00),
    ('Srushti', 'Deshmukh' , 'Female', '2000-05-10', '555-9876-999', 'shrushti.deshmukh@gmail.com', 'Pune', 'Nurse', '2022-03-20', 60000.00),
    ('Dhanashri', 'Kalekar', 'Female', '2006-05-10', '555-2345-666', 'dhanashri.k@gmail.com', 'Mumbai', 'Surgeon', '2022-04-15', 110000.00),
	('Dattatray', 'Kalekar', 'Male'  , '1980-05-05', '555-2345-555', 'dhanashri.k@gmail.com', 'Thane', 'Surgeon', '2022-08-15', 110000.00),
	('Pradip'   , 'mengane', 'Male'  , '1985-12-03', '555-6789-222', 'pradip.mg@gmail.com'  , 'Satara', 'Pharmacist', '2022-05-01', 85000.00),
	('Aditya'   , 'chaugale', 'Male' , '2004-12-03', '555-6789-777', 'aditya.mg@gmail.com'  , 'Satara', 'Pharmacist', '2022-09-01', 85000.00),
    ('Yash', 'kalekar', 'Male', '1982-04-09', '555-8765', 'yash.kale@gmail.com', 'Pune', 'Dietitian', '2022-07-25', 80000.00),
    ('Rushikesh', 'Powar', 'Male', '1998-02-14', '555-3456-000', 'rushi.powar@gmail.com', 'Mumbai', 'Physician', '2022-08-30', 90000.00),
	('Omkar', 'Powar', 'Male', '2005-10-06', '555-3456-666', 'om.powar@gmail.com', 'Satara', 'Physician', '2022-08-30', 90000.00),
    ('Samir', 'Chaugale', 'Male', '1986-07-17', '555-6789-5252', 'sm.chaugale@gmail.com', 'Banglore', 'Physical Therapist', '2022-09-15', 85000.00),
    ('Kirti', 'chaugale', 'Female', '1992-09-05', '555-1234-6262', 'k.chaugale@gmail.com', 'Banglore', 'Nurse', '2022-10-10', 60000.00)
;
    
    
    -- Insert 8 Records into UserAccounts Table
INSERT INTO UserAccounts (UserName, Password, Role, EmployeeID, PatientID) VALUES
    ('adinathadmn', 'adinath00', 'Admin', 3, NULL),
    ('drtushar', 'tush99', 'Doctor', 1, NULL),
	('drpooja', 'pooja94', 'Doctor', 2, NULL),
    ('kirtinurse', 'kriti88', 'Nurse', 22, NULL),
    ('akshaypt', 'akshay33', 'Patient', NULL, 2),
    ('amrutapt', 'amruta88', 'Patient', NULL, 3);
    
    
INSERT INTO Billing (PatientID, AppointmentID, TotalAmount, PaymentStatus, PaymentDate)
VALUES
    (1, 151, 150.00, 'Paid', '2024-01-15'),
    (2, 152, 200.00, 'Pending', NULL),
    (3, 153, 120.00, 'Paid', '2024-01-10'),
    (4, 154, 180.00, 'Pending', NULL),
    (5, 155, 250.00, 'Paid', '2024-01-18'),
    (6, 156, 100.00, 'Paid', '2024-01-22'),
    (7, 157, 300.00, 'Pending', NULL),
    (8, 158, 180.00, 'Pending', NULL),
    (9, 159, 200.00, 'Paid', '2024-01-12'),
    (10, 160, 150.00, 'Paid', '2024-01-20'),
    (11, 161, 120.00, 'Pending', NULL),
    (12, 162, 180.00, 'Pending', NULL),
    (13, 163, 250.00, 'Paid', '2024-01-14'),
    (14, 164, 100.00, 'Paid', '2024-01-16'),
    (15, 165, 300.00, 'Pending', NULL),
    (16, 166, 180.00, 'Pending', NULL),
    (17, 167, 200.00, 'Paid', '2024-01-11'),
    (18, 168, 150.00, 'Paid', '2024-01-17'),
    (19, 169, 120.00, 'Pending', NULL),
    (20, 170, 180.00, 'Pending', NULL),
    (21, 171, 250.00, 'Paid', '2024-01-13'),
    (22, 172, 100.00, 'Paid', '2024-01-19'),
    (23, 173, 300.00, 'Pending', NULL),
    (24, 174, 180.00, 'Pending', NULL),
    (25, 175, 200.00, 'Paid', '2024-01-16'),
    (26, 176, 150.00, 'Paid', '2024-01-21'),
    (27, 177, 120.00, 'Pending', NULL),
    (28, 178, 180.00, 'Pending', NULL),
    (29, 179, 250.00, 'Paid', '2024-01-12'),
    (30, 180, 100.00, 'Paid', '2024-01-22'),
    (31, 181, 300.00, 'Pending', NULL),
    (32, 182, 180.00, 'Pending', NULL),
    (33, 183, 200.00, 'Paid', '2024-01-10'),
    (34, 184, 150.00, 'Paid', '2024-01-20'),
    (35, 185, 120.00, 'Pending', NULL),
    (36, 186, 180.00, 'Pending', NULL),
    (37, 187, 250.00, 'Paid', '2024-01-15'),
    (38, 188, 100.00, 'Paid', '2024-01-18'),
    (39, 189, 300.00, 'Pending', NULL),
    (40, 190, 180.00, 'Pending', NULL),
    (41, 191, 200.00, 'Paid', '2024-01-14'),
    (42, 192, 150.00, 'Paid', '2024-01-16'),
    (43, 193, 120.00, 'Pending', NULL),
    (44, 194, 180.00, 'Pending', NULL),
    (45, 195, 250.00, 'Paid', '2024-01-19'),
    (46, 196, 100.00, 'Paid', '2024-01-22'),
    (47, 197, 300.00, 'Pending', NULL),
    (48, 198, 180.00, 'Pending', NULL),
    (49, 199, 200.00, 'Paid', '2024-01-11'),
    (50, 200, 150.00, 'Paid', '2024-01-17')
    ;
    